place,coordinates_x,coordinates_y,text
Inarijärvi,27.8760,69.0480,Tämä on leipistekstiä. Tämä on leipistekstiä. Tämä on leipistekstiä. Tämä on leipistekstiä. Tämä on leipistekstiä. Tämä on leipistekstiä. Tämä on leipistekstiä. Tämä on leipistekstiä. Tämä on leipistekstiä. Tämä on leipistekstiä. Tämä on leipistekstiä. Tämä on leipistekstiä.
Kempele,25.5035,64.9129,Tämä on leipistekstiä. Tämä on leipistekstiä. Tämä on leipistekstiä. Tämä on leipistekstiä. Tämä on leipistekstiä. Tämä on leipistekstiä. Tämä on leipistekstiä. Tämä on leipistekstiä. Tämä on leipistekstiä. Tämä on leipistekstiä. Tämä on leipistekstiä. Tämä on leipistekstiä.
Ulvila,21.888033305,61.432652934,Tämä on leipistekstiä. Tämä on leipistekstiä. Tämä on leipistekstiä. Tämä on leipistekstiä. Tämä on leipistekstiä. Tämä on leipistekstiä. Tämä on leipistekstiä. Tämä on leipistekstiä. Tämä on leipistekstiä. Tämä on leipistekstiä. Tämä on leipistekstiä. Tämä on leipistekstiä.
Urjala,23.549311266,61.081131717,Tämä on leipistekstiä. Tämä on leipistekstiä. Tämä on leipistekstiä. Tämä on leipistekstiä. Tämä on leipistekstiä. Tämä on leipistekstiä. Tämä on leipistekstiä. Tämä on leipistekstiä. Tämä on leipistekstiä. Tämä on leipistekstiä. Tämä on leipistekstiä. Tämä on leipistekstiä.
Utajärvi,26.416907969,64.761695580,Tämä on leipistekstiä. Tämä on leipistekstiä. Tämä on leipistekstiä. Tämä on leipistekstiä. Tämä on leipistekstiä. Tämä on leipistekstiä. Tämä on leipistekstiä. Tämä on leipistekstiä. Tämä on leipistekstiä. Tämä on leipistekstiä. Tämä on leipistekstiä. Tämä on leipistekstiä.
Utsjoki,27.026541275,69.907828523,Tämä on leipistekstiä. Tämä on leipistekstiä. Tämä on leipistekstiä. Tämä on leipistekstiä. Tämä on leipistekstiä. Tämä on leipistekstiä. Tämä on leipistekstiä. Tämä on leipistekstiä. Tämä on leipistekstiä. Tämä on leipistekstiä. Tämä on leipistekstiä. Tämä on leipistekstiä.
Uurainen,25.438518873,62.500806390,Tämä on leipistekstiä. Tämä on leipistekstiä. Tämä on leipistekstiä. Tämä on leipistekstiä. Tämä on leipistekstiä. Tämä on leipistekstiä. Tämä on leipistekstiä. Tämä on leipistekstiä. Tämä on leipistekstiä. Tämä on leipistekstiä. Tämä on leipistekstiä. Tämä on leipistekstiä.
Uusikaarlepyy,22.530086009,63.523125804,Tämä on leipistekstiä. Tämä on leipistekstiä. Tämä on leipistekstiä. Tämä on leipistekstiä. Tämä on leipistekstiä. Tämä on leipistekstiä. Tämä on leipistekstiä. Tämä on leipistekstiä. Tämä on leipistekstiä. Tämä on leipistekstiä. Tämä on leipistekstiä. Tämä on leipistekstiä.
Uusikaupunki,21.407727115,60.801207736,Tämä on leipistekstiä. Tämä on leipistekstiä. Tämä on leipistekstiä. Tämä on leipistekstiä. Tämä on leipistekstiä. Tämä on leipistekstiä. Tämä on leipistekstiä. Tämä on leipistekstiä. Tämä on leipistekstiä. Tämä on leipistekstiä. Tämä on leipistekstiä. Tämä on leipistekstiä.
Vaala,26.840673725,64.560942154,Tämä on leipistekstiä. Tämä on leipistekstiä. Tämä on leipistekstiä. Tämä on leipistekstiä. Tämä on leipistekstiä. Tämä on leipistekstiä. Tämä on leipistekstiä. Tämä on leipistekstiä. Tämä on leipistekstiä. Tämä on leipistekstiä. Tämä on leipistekstiä. Tämä on leipistekstiä.
Vaasa,21.615874122,63.092588875,Tämä on leipistekstiä. Tämä on leipistekstiä. Tämä on leipistekstiä. Tämä on leipistekstiä. Tämä on leipistekstiä. Tämä on leipistekstiä. Tämä on leipistekstiä. Tämä on leipistekstiä. Tämä on leipistekstiä. Tämä on leipistekstiä. Tämä on leipistekstiä. Tämä on leipistekstiä.
Valkeakoski,24.029248502,61.270053249,Tämä on leipistekstiä. Tämä on leipistekstiä. Tämä on leipistekstiä. Tämä on leipistekstiä. Tämä on leipistekstiä. Tämä on leipistekstiä. Tämä on leipistekstiä. Tämä on leipistekstiä. Tämä on leipistekstiä. Tämä on leipistekstiä. Tämä on leipistekstiä. Tämä on leipistekstiä.
Valtimo,28.813705084,63.680306323,Tämä on leipistekstiä. Tämä on leipistekstiä. Tämä on leipistekstiä. Tämä on leipistekstiä. Tämä on leipistekstiä. Tämä on leipistekstiä. Tämä on leipistekstiä. Tämä on leipistekstiä. Tämä on leipistekstiä. Tämä on leipistekstiä. Tämä on leipistekstiä. Tämä on leipistekstiä.
Vantaa,25.006641332,60.298133721,Tämä on leipistekstiä. Tämä on leipistekstiä. Tämä on leipistekstiä. Tämä on leipistekstiä. Tämä on leipistekstiä. Tämä on leipistekstiä. Tämä on leipistekstiä. Tämä on leipistekstiä. Tämä on leipistekstiä. Tämä on leipistekstiä. Tämä on leipistekstiä. Tämä on leipistekstiä.
Varkaus,27.888587335,62.313950665,Tämä on leipistekstiä. Tämä on leipistekstiä. Tämä on leipistekstiä. Tämä on leipistekstiä. Tämä on leipistekstiä. Tämä on leipistekstiä. Tämä on leipistekstiä. Tämä on leipistekstiä. Tämä on leipistekstiä. Tämä on leipistekstiä. Tämä on leipistekstiä. Tämä on leipistekstiä.
Vehmaa,21.712512133,60.685902746,Tämä on leipistekstiä. Tämä on leipistekstiä. Tämä on leipistekstiä. Tämä on leipistekstiä. Tämä on leipistekstiä. Tämä on leipistekstiä. Tämä on leipistekstiä. Tämä on leipistekstiä. Tämä on leipistekstiä. Tämä on leipistekstiä. Tämä on leipistekstiä. Tämä on leipistekstiä.
Vesanto,26.412849105,62.931030440,Tämä on leipistekstiä. Tämä on leipistekstiä. Tämä on leipistekstiä. Tämä on leipistekstiä. Tämä on leipistekstiä. Tämä on leipistekstiä. Tämä on leipistekstiä. Tämä on leipistekstiä. Tämä on leipistekstiä. Tämä on leipistekstiä. Tämä on leipistekstiä. Tämä on leipistekstiä.
Vesilahti,23.627636445,61.305583862,Tämä on leipistekstiä. Tämä on leipistekstiä. Tämä on leipistekstiä. Tämä on leipistekstiä. Tämä on leipistekstiä. Tämä on leipistekstiä. Tämä on leipistekstiä. Tämä on leipistekstiä. Tämä on leipistekstiä. Tämä on leipistekstiä. Tämä on leipistekstiä. Tämä on leipistekstiä.
Veteli,23.788625120,63.475287314,Tämä on leipistekstiä. Tämä on leipistekstiä. Tämä on leipistekstiä. Tämä on leipistekstiä. Tämä on leipistekstiä. Tämä on leipistekstiä. Tämä on leipistekstiä. Tämä on leipistekstiä. Tämä on leipistekstiä. Tämä on leipistekstiä. Tämä on leipistekstiä. Tämä on leipistekstiä.
Vieremä,27.005160452,63.744069514,Tämä on leipistekstiä. Tämä on leipistekstiä. Tämä on leipistekstiä. Tämä on leipistekstiä. Tämä on leipistekstiä. Tämä on leipistekstiä. Tämä on leipistekstiä. Tämä on leipistekstiä. Tämä on leipistekstiä. Tämä on leipistekstiä. Tämä on leipistekstiä. Tämä on leipistekstiä.
Vihti,24.319858395,60.416791924,Tämä on leipistekstiä. Tämä on leipistekstiä. Tämä on leipistekstiä. Tämä on leipistekstiä. Tämä on leipistekstiä. Tämä on leipistekstiä. Tämä on leipistekstiä. Tämä on leipistekstiä. Tämä on leipistekstiä. Tämä on leipistekstiä. Tämä on leipistekstiä. Tämä on leipistekstiä.
Viitasaari,25.855167908,63.082792009,Tämä on leipistekstiä. Tämä on leipistekstiä. Tämä on leipistekstiä. Tämä on leipistekstiä. Tämä on leipistekstiä. Tämä on leipistekstiä. Tämä on leipistekstiä. Tämä on leipistekstiä. Tämä on leipistekstiä. Tämä on leipistekstiä. Tämä on leipistekstiä. Tämä on leipistekstiä.
Vimpeli,23.820600738,63.161927977,Tämä on leipistekstiä. Tämä on leipistekstiä. Tämä on leipistekstiä. Tämä on leipistekstiä. Tämä on leipistekstiä. Tämä on leipistekstiä. Tämä on leipistekstiä. Tämä on leipistekstiä. Tämä on leipistekstiä. Tämä on leipistekstiä. Tämä on leipistekstiä. Tämä on leipistekstiä.
Virolahti,27.708871595,60.582071101,Tämä on leipistekstiä. Tämä on leipistekstiä. Tämä on leipistekstiä. Tämä on leipistekstiä. Tämä on leipistekstiä. Tämä on leipistekstiä. Tämä on leipistekstiä. Tämä on leipistekstiä. Tämä on leipistekstiä. Tämä on leipistekstiä. Tämä on leipistekstiä. Tämä on leipistekstiä.
Virrat,23.773747693,62.238484560,Tämä on leipistekstiä. Tämä on leipistekstiä. Tämä on leipistekstiä. Tämä on leipistekstiä. Tämä on leipistekstiä. Tämä on leipistekstiä. Tämä on leipistekstiä. Tämä on leipistekstiä. Tämä on leipistekstiä. Tämä on leipistekstiä. Tämä on leipistekstiä. Tämä on leipistekstiä.
Vårdö,20.375338092,60.244351018,Tämä on leipistekstiä. Tämä on leipistekstiä. Tämä on leipistekstiä. Tämä on leipistekstiä. Tämä on leipistekstiä. Tämä on leipistekstiä. Tämä on leipistekstiä. Tämä on leipistekstiä. Tämä on leipistekstiä. Tämä on leipistekstiä. Tämä on leipistekstiä. Tämä on leipistekstiä.
Vöyri,22.252456379,63.132068002,Tämä on leipistekstiä. Tämä on leipistekstiä. Tämä on leipistekstiä. Tämä on leipistekstiä. Tämä on leipistekstiä. Tämä on leipistekstiä. Tämä on leipistekstiä. Tämä on leipistekstiä. Tämä on leipistekstiä. Tämä on leipistekstiä. Tämä on leipistekstiä. Tämä on leipistekstiä.
Ylitornio,23.673012317,66.323044983,Tämä on leipistekstiä. Tämä on leipistekstiä. Tämä on leipistekstiä. Tämä on leipistekstiä. Tämä on leipistekstiä. Tämä on leipistekstiä. Tämä on leipistekstiä. Tämä on leipistekstiä. Tämä on leipistekstiä. Tämä on leipistekstiä. Tämä on leipistekstiä. Tämä on leipistekstiä.
Ylivieska,24.533690188,64.072284496,Tämä on leipistekstiä. Tämä on leipistekstiä. Tämä on leipistekstiä. Tämä on leipistekstiä. Tämä on leipistekstiä. Tämä on leipistekstiä. Tämä on leipistekstiä. Tämä on leipistekstiä. Tämä on leipistekstiä. Tämä on leipistekstiä. Tämä on leipistekstiä. Tämä on leipistekstiä.
Ylöjärvi,23.596580124,61.557156020,Tämä on leipistekstiä. Tämä on leipistekstiä. Tämä on leipistekstiä. Tämä on leipistekstiä. Tämä on leipistekstiä. Tämä on leipistekstiä. Tämä on leipistekstiä. Tämä on leipistekstiä. Tämä on leipistekstiä. Tämä on leipistekstiä. Tämä on leipistekstiä. Tämä on leipistekstiä.
Ypäjä,23.272438379,60.805227741,Tämä on leipistekstiä. Tämä on leipistekstiä. Tämä on leipistekstiä. Tämä on leipistekstiä. Tämä on leipistekstiä. Tämä on leipistekstiä. Tämä on leipistekstiä. Tämä on leipistekstiä. Tämä on leipistekstiä. Tämä on leipistekstiä. Tämä on leipistekstiä. Tämä on leipistekstiä.
Ähtäri,24.075018434,62.552859290,Tämä on leipistekstiä. Tämä on leipistekstiä. Tämä on leipistekstiä. Tämä on leipistekstiä. Tämä on leipistekstiä. Tämä on leipistekstiä. Tämä on leipistekstiä. Tämä on leipistekstiä. Tämä on leipistekstiä. Tämä on leipistekstiä. Tämä on leipistekstiä. Tämä on leipistekstiä.
Äänekoski,25.724831350,62.603307432,Tämä on leipistekstiä. Tämä on leipistekstiä. Tämä on leipistekstiä. Tämä on leipistekstiä. Tämä on leipistekstiä. Tämä on leipistekstiä. Tämä on leipistekstiä. Tämä on leipistekstiä. Tämä on leipistekstiä. Tämä on leipistekstiä. Tämä on leipistekstiä. Tämä on leipistekstiä.